<Sysmon schemaversion="4.30">
	<EventFiltering>
		<RuleGroup name="" groupRelation="or">
			<RegistryEvent onmatch="exclude">
				<TargetObject condition="contains">\OpenWithProgids</TargetObject>				<!--Microsoft:Windows: Remove noise from monitoring "FileExts"-->
				<TargetObject condition="end with">\OpenWithList</TargetObject>				<!--Microsoft:Windows: Remove noise from monitoring "FileExts"-->
				<TargetObject condition="end with">\UserChoice</TargetObject>				<!--Microsoft:Windows: Remove noise from monitoring "FileExts"-->
				<TargetObject condition="end with">\UserChoice\ProgId</TargetObject>				<!--Microsoft:Windows: Remove noise from monitoring "FileExts"-->				<!--Win8+-->
				<TargetObject condition="end with">\UserChoice\Hash</TargetObject>				<!--Microsoft:Windows: Remove noise from monitoring "FileExts"-->				<!--Win8+-->
				<TargetObject condition="end with">\OpenWithList\MRUList</TargetObject>				<!--Microsoft:Windows: Remove noise from monitoring "FileExts"-->
				<TargetObject condition="end with">} 0xFFFF</TargetObject>				<!--Microsoft:Windows: Remove noise from explorer.exe from monitoring ShellCached binary keys-->				<!--Win8+-->
			</RegistryEvent>
		</RuleGroup>
	</EventFiltering>
</Sysmon>