<Sysmon schemaversion="4.30">
	<EventFiltering>
		<RuleGroup name="" groupRelation="or">
			<RegistryEvent onmatch="exclude">
				<!--Windows:Bootup Control-->
				<TargetObject condition="end with">HKLM\SYSTEM\CurrentControlSet\Control\Lsa\Audit</TargetObject>				<!--Microsoft:Windows:lsass.exe: Boot noise-->				<!--Win8+-->
				<TargetObject condition="end with">HKLM\SYSTEM\CurrentControlSet\Control\Lsa\Audit\AuditPolicy</TargetObject>				<!--Microsoft:Windows:lsass.exe: Boot noise-->				<!--Win8+-->
				<TargetObject condition="end with">HKLM\SYSTEM\CurrentControlSet\Control\Lsa\Audit\PerUserAuditing\System</TargetObject>				<!--Microsoft:Windows:lsass.exe: Boot noise-->				<!--Win8+-->
				<TargetObject condition="end with">HKLM\SYSTEM\CurrentControlSet\Control\Lsa\SspiCache</TargetObject>				<!--Microsoft:Windows:lsass.exe: Boot noise-->				<!--Win8+-->
				<TargetObject condition="end with">HKLM\SYSTEM\CurrentControlSet\Control\Lsa\Kerberos\Domains</TargetObject>				<!--Microsoft:Windows:lsass.exe: Boot noise-->				<!--Win8+-->
				<TargetObject condition="end with">HKLM\SOFTWARE\Microsoft\Windows\CurrentVersion\Policies\System\Audit</TargetObject>				<!--Microsoft:Windows:lsass.exe: Boot noise-->				<!--Win8+-->
			</RegistryEvent>
		</RuleGroup>
	</EventFiltering>
</Sysmon>