<Sysmon schemaversion="4.30">
  <!-- Capture all hashes -->
  <HashAlgorithms>*</HashAlgorithms>
  <CheckRevocation/>
  <EventFiltering>
    <RuleGroup name="" groupRelation="or">
      <RegistryEvent onmatch="include">
        <TargetObject condition="is">HKLM\SOFTWARE\Microsoft\Windows\CurrentVersion\WindowsUpdate\Setup\ServiceStartup</TargetObject>
        <TargetObject condition="begin with">HKLM\SOFTWARE\Microsoft\Windows\CurrentVersion\WindowsUpdate\Services\Pending\</TargetObject><!--MDE-->
        <TargetObject condition="begin with">HKLM\SOFTWARE\Microsoft\Windows\CurrentVersion\WindowsUpdate\Auto Update\PostRebootReporting\</TargetObject><!--MDE-->
        <TargetObject condition="begin with">HKLM\SOFTWARE\Microsoft\Windows\CurrentVersion\WindowsUpdate\Auto Update\RebootRequired\</TargetObject><!--MDE-->
      </RegistryEvent>
    </RuleGroup>
  </EventFiltering>
</Sysmon>