<Sysmon schemaversion="4.30">
	<EventFiltering>
		<RuleGroup name="" groupRelation="or">
			<RegistryEvent onmatch="include">
				<!--ADDITIONAL REFERENCE: [ http://www.ghacks.net/2016/06/04/windows-automatic-startup-locations/ ] -->
				<!--ADDITIONAL REFERENCE: [ https://view.officeapps.live.com/op/view.aspx?src=https://arsenalrecon.com/downloads/resources/Registry_Keys_Related_to_Autorun.ods ] -->
				<!--ADDITIONAL REFERENCE: [ http://www.silentrunners.org/launchpoints.html ] -->
				<TargetObject name="technique_id=T1547.001,technique_name=Registry Run Keys / Start Folder" condition="contains">\CurrentVersion\Run</TargetObject>				<!--Microsoft:Windows: Run keys, incld RunOnce, RunOnceEx, RunServices, RunServicesOnce [Also covers terminal server] --><!--MDE-->
				<TargetObject condition="contains">\Group Policy\Scripts</TargetObject>				<!--Microsoft:Windows: Group policy scripts--><!--MDE-->
				<TargetObject name="technique_id=T1037,technique_name=Boot or Logon Initialization Scripts" condition="contains">\Windows\System\Scripts</TargetObject>				<!--Microsoft:Windows: Logon, Loggoff, Shutdown-->
				<TargetObject name="technique_id=T1547.001,technique_name=Registry Run Keys / Start Folder" condition="contains">\Policies\Explorer\Run</TargetObject>				<!--Microsoft:Windows --><!--MDE-->
				<TargetObject condition="end with">\ServiceDll</TargetObject>				<!--Microsoft:Windows: Points to a service's DLL [ https://blog.cylance.com/windows-registry-persistence-part-1-introduction-attack-phases-and-windows-services ] -->
				<TargetObject condition="end with">\ImagePath</TargetObject>				<!--Microsoft:Windows: Points to a service's EXE [ https://github.com/crypsisgroup/Splunkmon/blob/master/sysmon.cfg ] -->
				<TargetObject condition="end with">\Start</TargetObject>				<!--Microsoft:Windows: Services start mode changes (Disabled, Automatically, Manual)-->
				<TargetObject name="technique_id=T1547.004,technique_name=Winlogon Helper DLL" condition="begin with">HKLM\SOFTWARE\Microsoft\Windows NT\CurrentVersion\Winlogon\Notify</TargetObject>				<!--Microsoft:Windows: Autorun location [ https://www.cylance.com/windows-registry-persistence-part-2-the-run-keys-and-search-order ] --><!--MDE-->
				<TargetObject name="technique_id=T1547.004,technique_name=Winlogon Helper DLL" condition="begin with">HKLM\SOFTWARE\Microsoft\Windows NT\CurrentVersion\Winlogon\Userinit</TargetObject>				<!--Microsoft:Windows: Autorun location [ https://www.cylance.com/windows-registry-persistence-part-2-the-run-keys-and-search-order ] --><!--MDE-->
				<TargetObject name="technique_id=T1547.004,technique_name=Winlogon Helper DLL" condition="begin with">HKLM\SOFTWARE\Microsoft\Windows NT\CurrentVersion\Winlogon\Shell</TargetObject><!--MDE-->
				<TargetObject name="technique_id=T1547.004,technique_name=Winlogon Helper DLL" condition="begin with">HKLM\SOFTWARE\Microsoft\Windows NT\CurrentVersion\Winlogon\VmApplet</TargetObject><!--MDE-->
				<TargetObject name="technique_id=T1547.004,technique_name=Winlogon Helper DLL" condition="begin with">HKLM\SOFTWARE\Microsoft\Windows NT\CurrentVersion\Winlogon\Specialaccounts\userlist</TargetObject><!--MDE-->
				<TargetObject name="technique_id=T1547.004,technique_name=Winlogon Helper DLL" condition="begin with">HKLM\SOFTWARE\Microsoft\Windows NT\CurrentVersion\Winlogon\Uihostl</TargetObject><!--MDE-->
				<TargetObject condition="begin with">HKLM\SOFTWARE\WOW6432Node\Microsoft\Windows NT\CurrentVersion\Drivers32</TargetObject>				<!--Microsoft:Windows: Legacy driver loading | Credit @ion-storm --><!--MDE-->
				<TargetObject condition="begin with">HKLM\SOFTWARE\Microsoft\Windows NT\CurrentVersion\Drivers32</TargetObject>				<!--Microsoft:Windows: Legacy driver loading | Credit @ion-storm --><!--MDE-->
				<TargetObject name="technique_id=T1547.001,technique_name=Registry Run Keys / Start Folder" condition="contains all">HKLM\SYSTEM\;Control\Session Manager\BootExecute</TargetObject><!--MDE-->
				<TargetObject name="technique_id=T1547.001,technique_name=Registry Run Keys / Start Folder" condition="contains all">HKLM\SYSTEM\;Control\Session Manager\excludefromknowndlls</TargetObject><!--MDE-->
				<TargetObject name="technique_id=T1547.001,technique_name=Registry Run Keys / Start Folder" condition="contains all">HKLM\SYSTEM\;Control\Session Manager\safedllsearchmode</TargetObject><!--MDE-->
				<TargetObject name="technique_id=T1547.001,technique_name=Registry Run Keys / Start Folder" condition="contains all">HKLM\SYSTEM\;Control\Session Manager\setupexecute</TargetObject><!--MDE-->
				<TargetObject name="technique_id=T1546.001,technique_name=Change Default File Association" condition="contains">\Explorer\FileExts</TargetObject>				<!--Microsoft:Windows: Changes to file extension mapping-->
				<TargetObject condition="contains">\shell\install\command</TargetObject>				<!--Microsoft:Windows: Sensitive subkey under file associations and CLSID that map to launch command-->
				<TargetObject condition="contains">\shell\open\command</TargetObject>				<!--Microsoft:Windows: Sensitive subkey under file associations and CLSID that map to launch command--><!--MDE-->
				<TargetObject condition="contains">\shell\open\ddeexec</TargetObject>				<!--Microsoft:Windows: Sensitive subkey under file associations and CLSID that map to launch command-->
				<TargetObject name="technique_id=T1547.001,technique_name=Registry Run Keys / Start Folder" condition="contains">Microsoft\Windows\CurrentVersion\Explorer\User Shell Folders\Startup</TargetObject><!--MDE-->
				<TargetObject name="technique_id=T1547.001,technique_name=Registry Run Keys / Start Folder" condition="contains all">software\microsoft\windows nt\currentversion\accessibility\ATs\;\StartExe</TargetObject><!--MDE-->
				<TargetObject name="technique_id=T1547.001,technique_name=Registry Run Keys / Start Folder" condition="contains">software\microsoft\windows nt\currentversion\windows\run\</TargetObject><!--MDE-->
				<TargetObject name="technique_id=T1547.001,technique_name=Registry Run Keys / Start Folder" condition="contains">Software\Microsoft\Windows\CurrentVersion\Explorer\RunMRU\</TargetObject><!--MDE-->
				<TargetObject name="technique_id=T1547.001,technique_name=Registry Run Keys / Start Folder" condition="contains">software\microsoft\windows\currentversion\explorer\shell folders\common startup</TargetObject><!--MDE-->
				<TargetObject name="technique_id=T1547.001,technique_name=Registry Run Keys / Start Folder" condition="contains">software\microsoft\windows\currentversion\explorer\shell folders\startup</TargetObject><!--MDE-->
				<TargetObject name="technique_id=T1547.001,technique_name=Registry Run Keys / Start Folder" condition="begin with">hklm\software\microsoft\command processor\autorun</TargetObject><!--MDE-->
			</RegistryEvent>
		</RuleGroup>
	</EventFiltering>
</Sysmon>