<Sysmon schemaversion="4.30">
   <EventFiltering>
      <RuleGroup name="" groupRelation="or">
         <RegistryEvent onmatch="include">
            <TargetObject name="technique_id=T1569.002,technique_name=Service Execution" condition="end with">\PsExec\EulaAccepted</TargetObject>
            <TargetObject name="technique_id=T1105,technique_name=Ingress Tool Transfer" condition="end with">\PsFile\EulaAccepted</TargetObject>
            <TargetObject name="technique_id=T1033,technique_name=System Owner/User Discovery" condition="end with">\PsGetSID\EulaAccepted</TargetObject>
            <TargetObject name="technique_id=T1057,technique_name=Process Discovery" condition="end with">\PsInfo\EulaAccepted</TargetObject>
            <TargetObject name="technique_id=T1562.001,technique_name=Disable or Modify Tools" condition="end with">\PsKill\EulaAccepted</TargetObject>
            <TargetObject name="technique_id=T1057,technique_name=Process Discovery" condition="end with">\PsList\EulaAccepted</TargetObject>
            <TargetObject name="technique_id=T1033,technique_name=System Owner/User Discovery" condition="end with">\PsLoggedOn\EulaAccepted</TargetObject>
            <TargetObject name="technique_id=T1569.002,technique_name=Service Execution" condition="end with">\PsLogList\EulaAccepted</TargetObject>
            <TargetObject name="technique_id=T1098,technique_name=Account Manipulation" condition="end with">\PsPasswd\EulaAccepted</TargetObject>
            <TargetObject name="technique_id=T1569.002,technique_name=Service Execution" condition="end with">\PsService\EulaAccepted</TargetObject>
            <TargetObject name="undefined" condition="end with">\PsShutDown\EulaAccepted</TargetObject>
            <TargetObject name="undefined" condition="end with">\PsSuspend\EulaAccepted</TargetObject>
         </RegistryEvent>
      </RuleGroup>
   </EventFiltering>
</Sysmon>
