<Sysmon schemaversion="4.30">
	<EventFiltering>
		<RuleGroup name="" groupRelation="or">
			<RegistryEvent onmatch="include">
				<TargetObject name="technique_id=T1553.004,technique_name=Install Root Certificate" condition="begin with">HKLM\SOFTWARE\Microsoft\EnterpriseCertificates\Root\Certificates</TargetObject><!--MDE-->
				<TargetObject name="technique_id=T1553.004,technique_name=Install Root Certificate" condition="contains">\Microsoft\SystemCertificates\Root\Certificates</TargetObject><!--MDE-->
				<TargetObject name="technique_id=T1553.004,technique_name=Install Root Certificate" condition="contains">\Microsoft\SystemCertificates\CA\Certificates</TargetObject><!--MDE-->
			</RegistryEvent>
		</RuleGroup>
	</EventFiltering>
</Sysmon>
