<Sysmon schemaversion="4.30">
	<EventFiltering>
		<RuleGroup name="" groupRelation="or">
			<RegistryEvent onmatch="include">
				<!--Windows Powershell logging tampering -->
				<TargetObject name="technique_id=T1562.001,technique_name=Disable or Modify Tools" condition="begin with">HKLM\SOFTWARE\Policies\Microsoft\Windows\PowerShell\ModuleLogging</TargetObject>
				<TargetObject name="technique_id=T1562.001,technique_name=Disable or Modify Tools" condition="begin with">HKLM\SOFTWARE\Policies\Microsoft\Windows\PowerShell\ScriptBlockLogging</TargetObject>
				<TargetObject name="technique_id=T1562.001,technique_name=Disable or Modify Tools" condition="begin with">HKLM\SOFTWARE\Policies\Microsoft\Windows\PowerShell\Transcription</TargetObject>
				<TargetObject name="technique_id=T1562.001,technique_name=Disable or Modify Tools" condition="contains all">software\microsoft\powershell\;\shellids\microsoft.powershell\executionpolicy</TargetObject><!--MDE-->
			</RegistryEvent>
		</RuleGroup>
	</EventFiltering>
</Sysmon>
