<Sysmon schemaversion="4.30">
	<EventFiltering>
		<RuleGroup name="" groupRelation="or">
			<RegistryEvent onmatch="include">
				<!--Windows:Thumbnail:Autostart-->
				<TargetObject condition="contains">{AB8902B4-09CA-4bb6-B78D-A8F59079A8D5}</TargetObject>				<!--Microsoft:Windows: Thumbnail cache autostart [ http://blog.trendmicro.com/trendlabs-security-intelligence/poweliks-levels-up-with-new-autostart-mechanism/ ] -->
			</RegistryEvent>
		</RuleGroup>
	</EventFiltering>
</Sysmon>
