<Sysmon schemaversion="4.30">
  <EventFiltering>
    <RuleGroup name="" groupRelation="or">
      <RegistryEvent onmatch="include">
        <TargetObject name="technique_id=T1548.002,technique_name=Bypass User Access Control" condition="contains">\mscfile\shell\open\command</TargetObject>
        <TargetObject name="technique_id=T1548.002,technique_name=Bypass User Access Control" condition="contains">ms-settings\shell\open\command</TargetObject>
        <TargetObject name="technique_id=T1548.002,technique_name=Bypass User Access Control" condition="contains">Classes\exefile\shell\runas\command\isolatedCommand</TargetObject>        <!-- Credit cyb3rop -->
      </RegistryEvent>
    </RuleGroup>
  </EventFiltering>
</Sysmon>
