<Sysmon schemaversion="4.30">
	<EventFiltering>
		<RuleGroup name="" groupRelation="or">
			<RegistryEvent onmatch="include">
				<!--Networking-->
				<TargetObject condition="begin with">HKLM\SYSTEM\CurrentControlSet\Control\NetworkProvider\Order</TargetObject>				<!--Microsoft:Windows: Order of network providers that are checked to connect to destination [ https://www.malwarearchaeology.com/cheat-sheets ] --><!--MDE-->
				<TargetObject condition="begin with">HKLM\SOFTWARE\Microsoft\Windows NT\CurrentVersion\NetworkList\Profiles</TargetObject>				<!--Microsoft:Windows: | Credit @ion-storm -->
			</RegistryEvent>
		</RuleGroup>
	</EventFiltering>
</Sysmon>
