<Sysmon schemaversion="4.30">
	<EventFiltering>
		<RuleGroup name="" groupRelation="or">
			<RegistryEvent onmatch="include">
				<TargetObject name="technique_id=T1546.010,technique_name=Appinit DLLs" condition="contains all">HKLM\SOFTWARE\;Microsoft\Windows NT\CurrentVersion\Windows\Appinit_Dlls</TargetObject>				<!--Microsoft:Windows: [ https://msdn.microsoft.com/en-us/library/windows/desktop/dd744762(v=vs.85).aspx ] --><!--MDE-->
				<TargetObject name="technique_id=T1546.010,technique_name=Appinit DLLs" condition="contains all">HKLM\SOFTWARE\;Microsoft\Windows NT\CurrentVersion\Windows\loadappinit_dlls</TargetObject>
			</RegistryEvent>
		</RuleGroup>
	</EventFiltering>
</Sysmon>
