<Sysmon schemaversion="4.30">
	<EventFiltering>
		<RuleGroup name="" groupRelation="or">
			<RegistryEvent onmatch="include">
				<TargetObject name="technique_id=T1546.015,technique_name=Component Object Model Hijacking" condition="contains">software\classes\clsid\{083863f1-70de-11d0-bd40-00a0c911ce86}\instance</TargetObject>				<!--MDE-->
				<TargetObject name="technique_id=T1546.015,technique_name=Component Object Model Hijacking" condition="contains">software\classes\clsid\{7ed96837-96f0-4812-b211-f13c24117ed3}\instance</TargetObject>				<!--MDE-->
			</RegistryEvent>
		</RuleGroup>
	</EventFiltering>
</Sysmon>