<Sysmon schemaversion="4.30">
  <EventFiltering>
    <RuleGroup name="" groupRelation="or">
      <RegistryEvent onmatch="include">
        <TargetObject name="technique_id=T1546.011,technique_name=Application Shimming" condition="contains">HKLM\SOFTWARE\Microsoft\Windows NT\CurrentVersion\AppCompatFlags\InstalledSDB</TargetObject><!--MDE-->
        <TargetObject name="technique_id=T1546.011,technique_name=Application Shimming" condition="contains">HKLM\SOFTWARE\Microsoft\Windows NT\CurrentVersion\AppCompatFlags\Custom</TargetObject><!--MDE-->
      </RegistryEvent>
    </RuleGroup>
  </EventFiltering>
</Sysmon>
