<Sysmon schemaversion="4.30">
  <EventFiltering>
    <RuleGroup name="" groupRelation="or">
      <RegistryEvent onmatch="include">
        <TargetObject name="technique_id=T1021.001,technique_name=Remote Desktop Protocol" condition="is">HKLM\SOFTWARE\Policies\Microsoft\Windows NT\Terminal Services\MaxInstanceCount</TargetObject><!--MDE-->
        <TargetObject name="technique_id=T1021.001,technique_name=Remote Desktop Protocol" condition="is">HKLM\SOFTWARE\Policies\Microsoft\Windows NT\Terminal Services\RaunSolicit</TargetObject><!--MDE-->
      </RegistryEvent>
    </RuleGroup>
  </EventFiltering>
</Sysmon>
