<Sysmon schemaversion="4.30">
	<EventFiltering>
		<RuleGroup name="" groupRelation="or">
			<RegistryEvent onmatch="include">
				<!--Credential providers-->
				<TargetObject condition="begin with">HKLM\SOFTWARE\Microsoft\Windows\CurrentVersion\Authentication\Credential Provider</TargetObject>				<!--Wildcard, includes Credental Providers and Credential Provider Filters--><!--MDE-->
				<TargetObject condition="begin with">HKLM\SOFTWARE\Microsoft\Windows\CurrentVersion\Authentication\Plap Providers</TargetObject><!--MDE-->
				<TargetObject condition="begin with">HKLM\SYSTEM\CurrentControlSet\Control\Lsa</TargetObject><!--MDE-->
				<TargetObject name="technique_id=T1003,technique_name=Credential Dumping" condition="begin with">HKLM\SYSTEM\CurrentControlSet\Control\SecurityProviders\</TargetObject>				<!--Microsoft:Windows: Changes to WDigest-UseLogonCredential for password scraping [ https://www.trustedsec.com/april-2015/dumping-wdigest-creds-with-meterpreter-mimikatzkiwi-in-windows-8-1/ ] --><!--MDE-->
				<TargetObject name="technique_id=T1003,technique_name=Credential Dumping" condition="contains">\Control\SecurityProviders\WDigest</TargetObject>
			</RegistryEvent>
		</RuleGroup>
	</EventFiltering>
</Sysmon>
