<Sysmon schemaversion="4.40">
  <EventFiltering>
    <RuleGroup name="" groupRelation="or">
      <RegistryEvent onmatch="include">
        <TargetObject name="technique_id=T1546.008,technique_name=Accessibility Features" condition="contains">\Environment\</TargetObject><!--MDE-->
        <TargetObject condition="begin with">HKLM\SYSTEM\setup\cmdline</TargetObject><!--MDE-->
        <TargetObject condition="begin with">HKLM\SYSTEM\setup\upgrade</TargetObject><!--MDE-->
        <TargetObject condition="contains all">Software\microsoft\ctf\langbaraddin\;\Enable</TargetObject><!--MDE-->
        <TargetObject condition="contains all">Software\microsoft\ctf\langbaraddin\;\FilePath</TargetObject><!--MDE-->
        <TargetObject condition="contains">Software\policies\microsoft\windows\control panel\desktop\scrnsave.exe</TargetObject><!--MDE-->
        <TargetObject condition="begin with">HKLM\Software\Classes\protocols\filter\</TargetObject><!--MDE-->
        <TargetObject condition="begin with">HKLM\Software\Classes\protocols\handler\</TargetObject><!--MDE-->
      </RegistryEvent>
    </RuleGroup>
  </EventFiltering>
</Sysmon>