<Sysmon schemaversion="4.30">
	<EventFiltering>
		<RuleGroup name="" groupRelation="or">
			<RegistryEvent onmatch="include">
				<TargetObject name="technique_id=T1547.010,technique_name=Boot or Logon Autostart Execution - Port Monitors" condition="begin with">HKLM\SOFTWARE\Microsoft\Windows NT\CurrentVersion\Ports</TargetObject>				<!--Microsoft:Windows: Printer port changes as used in CVE-2020-1048 [ https://windows-internals.com/printdemon-cve-2020-1048/ ] --><!--MDE-->
				<TargetObject name="technique_id=T1547.010,technique_name=Boot or Logon Autostart Execution - Port Monitors" condition="contains">\SOFTWARE\Microsoft\Windows NT\CurrentVersion\Ports</TargetObject>				<!--Microsoft:Windows: Printer port changes as used in CVE-2020-1048 [ https://windows-internals.com/printdemon-cve-2020-1048/ ] -->
			</RegistryEvent>
		</RuleGroup>
	</EventFiltering>
</Sysmon>
