<Sysmon schemaversion="4.30">
   <EventFiltering>
      <RuleGroup name="" groupRelation="or">
         <RegistryEvent onmatch="include">
            <TargetObject name="technique_id=T1553.003,technique_name=SIP and Trust Provider Hijacking" condition="begin with">HKLM\SOFTWARE\Microsoft\Cryptography\OID</TargetObject><!--MDE-->
            <TargetObject name="technique_id=T1553.003,technique_name=SIP and Trust Provider Hijacking" condition="begin with">HKLM\SOFTWARE\WOW6432Node\Microsoft\Cryptography\OID</TargetObject><!--MDE-->
            <TargetObject name="technique_id=T1553.003,technique_name=SIP and Trust Provider Hijacking" condition="begin with">HKLM\SOFTWARE\Microsoft\Cryptography\Providers\Trust</TargetObject><!--MDE-->
            <TargetObject name="technique_id=T1553.003,technique_name=SIP and Trust Provider Hijacking" condition="begin with">HKLM\SOFTWARE\WOW6432Node\Microsoft\Cryptography\Providers\Trust</TargetObject><!--MDE-->
            <TargetObject name="technique_id=T1553.003,technique_name=SIP and Trust Provider Hijacking" condition="begin with">HKLM\SOFTWARE\Microsoft\Cryptography\Offload\ExpoOffload</TargetObject><!--MDE-->
         </RegistryEvent>
      </RuleGroup>
   </EventFiltering>
</Sysmon>
