<Sysmon schemaversion="4.30">
  <EventFiltering>
    <RuleGroup name="" groupRelation="or">
      <RegistryEvent onmatch="include">
        <TargetObject name="technique_id=T1137.006,technique_name=Office Add-ins" condition="contains all">\Microsoft\Office;\Outlook\Addins</TargetObject> <!--Microsoft:Office: Outlook add-ins-->
        <TargetObject name="technique_id=T1137.006,technique_name=Office Add-ins" condition="contains">\Software\Microsoft\VSTO\Security\Inclusion</TargetObject> <!-- Uncommon place to load add-ins, especially in HKCU-->
        <TargetObject name="technique_id=T1137.006,technique_name=Office Add-ins" condition="contains">\Software\Microsoft\VSTO\SolutionMetadata</TargetObject> <!--Uncommon place to declare add-in metadata, especially in HKCU-->
        <TargetObject name="technique_name=Outlook Server 95/98 Identity Keys" condition="contains">Identities</TargetObject> 
        <TargetObject condition="contains all">SOFTWARE\Microsoft\Office\;\Outlook\Profiles\;\9375CFF0413111d3B88A00104B2A6676\;\Account Name</TargetObject> <!--MDE-->
        <TargetObject condition="contains all">SOFTWARE\Microsoft\Office\;\Outlook\Profiles\;\9375CFF0413111d3B88A00104B2A6676\;\Display Name</TargetObject> <!--MDE-->
        <TargetObject condition="contains all">SOFTWARE\Microsoft\Office\;\Outlook\Profiles\;\9375CFF0413111d3B88A00104B2A6676\;\Email</TargetObject> <!--MDE-->
        <TargetObject condition="contains all">SOFTWARE\Microsoft\Office\;\Outlook\Profiles\;\9375CFF0413111d3B88A00104B2A6676\;\HTTP Password</TargetObject> <!--MDE-->
        <TargetObject condition="contains all">SOFTWARE\Microsoft\Office\;\Outlook\Profiles\;\9375CFF0413111d3B88A00104B2A6676\;\HTTP User</TargetObject> <!--MDE-->
        <TargetObject condition="contains all">SOFTWARE\Microsoft\Office\;\Outlook\Profiles\;\9375CFF0413111d3B88A00104B2A6676\;\IMAP Password</TargetObject> <!--MDE-->
        <TargetObject condition="contains all">SOFTWARE\Microsoft\Office\;\Outlook\Profiles\;\9375CFF0413111d3B88A00104B2A6676\;\IMAP User</TargetObject> <!--MDE-->
        <TargetObject condition="contains all">SOFTWARE\Microsoft\Office\;\Outlook\Profiles\;\9375CFF0413111d3B88A00104B2A6676\;\MAPI Provider</TargetObject> <!--MDE-->
        <TargetObject condition="contains all">SOFTWARE\Microsoft\Office\;\Outlook\Profiles\;\9375CFF0413111d3B88A00104B2A6676\;\POP3 Password</TargetObject> <!--MDE-->
        <TargetObject condition="contains all">SOFTWARE\Microsoft\Office\;\Outlook\Profiles\;\9375CFF0413111d3B88A00104B2A6676\;\POP3 User</TargetObject> <!--MDE-->
        <TargetObject condition="contains all">SOFTWARE\Microsoft\Office\;\Outlook\Profiles\;\9375CFF0413111d3B88A00104B2A6676\;\SMTP Password</TargetObject> <!--MDE-->
        <TargetObject condition="contains all">SOFTWARE\Microsoft\Office\;\Outlook\Profiles\;\9375CFF0413111d3B88A00104B2A6676\;\SMTP User</TargetObject> <!--MDE-->
        <TargetObject name="technique_id=T1137.004,technique_name=Outlook Home Page" condition="contains all">software\microsoft\office\;\outlook\security\</TargetObject>         <!--https://www.mdsec.co.uk/2020/11/a-fresh-outlook-on-mail-based-persistence/--><!--MDE-->
        <TargetObject name="technique_id=T1137.004,technique_name=Outlook Home Page" condition="contains all">software\microsoft\office\;\outlook\today\</TargetObject> <!--MDE-->
        <TargetObject name="technique_id=T1137.004,technique_name=Outlook Home Page" condition="contains all">software\microsoft\office\;\outlook\webview\;\</TargetObject> <!--MDE-->
        <TargetObject condition="contains all">software\microsoft\office\;\word\options\globaldotname</TargetObject> <!--MDE-->
        <TargetObject condition="contains all">software\microsoft\office\;\common\internet\server cache\</TargetObject> <!--MDE-->
        <TargetObject condition="contains all">software\;microsoft\office\;\addins\</TargetObject> <!--MDE-->
        <TargetObject condition="contains all">software\;microsoft\office\;\Common\COM Compatibility</TargetObject> <!--MDE-->
        <TargetObject condition="contains">\Security\Trusted Documents\TrustRecords</TargetObject>        <!--Microsoft:Office: Trusted Documents, Macros Enabled-->
        <TargetObject condition="contains">\Security\Trusted Documents\</TargetObject>        <!--Microsoft:Office: Trusted Documents, Macros Enabled-->
        <TargetObject condition="end with">\UrlUpdateInfo</TargetObject>				<!--Microsoft:Office:ClickOnce: [ https://subt0x10.blogspot.com/2016/12/mimikatz-delivery-via-clickonce-with.html ] -->
        <TargetObject condition="contains">software\microsoft\windows\currentversion\explorer\recentdocs\.docx\</TargetObject> <!--MDE-->
        <TargetObject condition="contains">software\microsoft\windows\currentversion\explorer\recentdocs\.xlsx\</TargetObject> <!--MDE-->
        <TargetObject condition="begin with">HKLM\SOFTWARE\Clients\Mail\Microsoft Outlook\DllPath</TargetObject> <!--MDE-->
        <TargetObject condition="begin with">HKLM\SOFTWARE\Clients\Mail\Microsoft Outlook\DllPathEx</TargetObject> <!--MDE-->
        <TargetObject condition="contains">software\microsoft\Office test\special\perf\</TargetObject> <!--MDE-->
        <TargetObject condition="contains all">software\microsoft\office\;\Options\OPEN</TargetObject> <!--MDE-->
        <TargetObject name="technique_id=T1137.006,technique_name=Office Add-ins" condition="contains all">\Microsoft\Office;\PowerPoint\Addins</TargetObject> <!--Microsoft:Office: PowerPoint add-ins--><!--MDE-->
      </RegistryEvent>
    </RuleGroup>
  </EventFiltering>
</Sysmon>