<Sysmon schemaversion="4.30">
	<EventFiltering>
		<RuleGroup name="" groupRelation="or">
			<RegistryEvent onmatch="include">
				<!--Winsock and Winsock2-->
				<TargetObject condition="begin with">HKLM\SYSTEM\CurrentControlSet\Services\WinSock</TargetObject>				<!--Microsoft:Windows: Wildcard, includes Winsock and Winsock2--><!--MDE-->
				<TargetObject condition="end with">\ProxyServer</TargetObject>				<!--Microsoft:Windows: System and user proxy server-->
			</RegistryEvent>
		</RuleGroup>
	</EventFiltering>
</Sysmon>
