<Sysmon schemaversion="4.30">
	<EventFiltering>
		<RuleGroup name="" groupRelation="or">
			<RegistryEvent onmatch="include">
				<!--Windows shell hijack-->
				<TargetObject condition="contains">\Classes\AllFilesystemObjects</TargetObject>				<!--Microsoft:Windows:Explorer: [ http://www.silentrunners.org/launchpoints.html ] -->
				<TargetObject condition="contains">\Classes\Directory</TargetObject>				<!--Microsoft:Windows:Explorer: [ https://stackoverflow.com/questions/1323663/windows-shell-context-menu-option ] --><!--MDE-->
				<TargetObject condition="contains">\Classes\Drive</TargetObject>				<!--Microsoft:Windows:Explorer: [ https://stackoverflow.com/questions/1323663/windows-shell-context-menu-option ] --><!--MDE-->
				<TargetObject condition="contains">\Classes\Folder</TargetObject>				<!--Microsoft:Windows:Explorer: ContextMenuHandlers, DragDropHandlers, CopyHookHandlers, [ https://stackoverflow.com/questions/1323663/windows-shell-context-menu-option ] --> <!--MDE-->
				<TargetObject condition="contains">\ShellEx\ContextMenuHandlers</TargetObject>				<!--Microsoft:Windows: [ http://oalabs.openanalysis.net/2015/06/04/malware-persistence-hkey_current_user-shell-extension-handlers/ ] --><!--MDE-->
				<TargetObject condition="contains">\CurrentVersion\Shell</TargetObject>				<!--Microsoft:Windows: Shell Folders, ShellExecuteHooks, ShellIconOverloadIdentifers, ShellServiceObjects, ShellServiceObjectDelayLoad [ http://oalabs.openanalysis.net/2015/06/04/malware-persistence-hkey_current_user-shell-extension-handlers/ ] -->
				<TargetObject condition="begin with">HKLM\Software\Microsoft\Windows\CurrentVersion\explorer\ShellExecuteHooks</TargetObject>				<!--Microsoft:Windows: ShellExecuteHooks--><!--MDE-->
				<TargetObject condition="begin with">HKLM\Software\Microsoft\Windows\CurrentVersion\explorer\ShellServiceObject</TargetObject>				<!--Microsoft:Windows: ShellExecuteHooks Multiple keys--><!--MDE-->
			</RegistryEvent>
		</RuleGroup>
	</EventFiltering>
</Sysmon>
