<Sysmon schemaversion="4.30">
  <EventFiltering>
    <RuleGroup name="" groupRelation="or">
      <RegistryEvent onmatch="include">
        <TargetObject name="technique_id=T1547.002,technique_name=Authentication Package" condition="begin with">HKLM\SYSTEM\CurrentControlSet\Control\Lsa\Authentication</TargetObject><!--MDE-->
        <TargetObject name="technique_id=T1547.002,technique_name=Authentication Package" condition="begin with">HKLM\SYSTEM\CurrentControlSet\Control\Lsa\RunAsPPL</TargetObject>        <!--When set, forces and dll loaded by lsass to be MS signed, monitor for change--><!--MDE-->
        <TargetObject name="technique_id=T1547.002,technique_name=Authentication Package" condition="begin with">HKLM\SYSTEM\CurrentControlSet\Control\Lsa\NtlmMinClientSec</TargetObject><!--MDE-->
      </RegistryEvent>
    </RuleGroup>
  </EventFiltering>
</Sysmon>
