<Sysmon schemaversion="4.30">
	<EventFiltering>
		<RuleGroup name="" groupRelation="or">
			<RegistryEvent onmatch="include">
                <!-- COMMENT: Modified include_windows_consent that includes filters for common applications that would access these keys -->
				<Rule groupRelation="and">
					<TargetObject name="technique_id=T1125,technique_name=Video Capture" condition="contains">\SOFTWARE\Microsoft\Windows\CurrentVersion\CapabilityAccessManager\ConsentStore\webcam</TargetObject>
                    <Image condition="excludes any">Google\Chrome\Application\chrome.exe;Zoom\bin\Zoom.exe;slack\slack.exe;Mozilla Firefox\firefox.exe</Image>
				</Rule>
                <Rule groupRelation="and">
				    <TargetObject name="technique_id=T1123,technique_name=Audio Capture" condition="contains">\SOFTWARE\Microsoft\Windows\CurrentVersion\CapabilityAccessManager\ConsentStore\microphone</TargetObject>				<!--https://medium.com/@7a616368/can-you-track-processes-accessing-the-camera-and-microphone-7e6885b37072-->
                    <Image condition="excludes any">Google\Chrome\Application\chrome.exe;Zoom\bin\Zoom.exe;slack\slack.exe;Mozilla Firefox\firefox.exe</Image>
				</Rule>
                <Rule groupRelation="and">
				    <TargetObject name="technique_id=T1123,technique_name=Audio Capture" condition="contains">\SOFTWARE\Microsoft\Windows\CurrentVersion\CapabilityAccessManager\ConsentStore\bluetooth</TargetObject>
                    <Image condition="excludes any">Google\Chrome\Application\chrome.exe;Zoom\bin\Zoom.exe;slack\slack.exe;Mozilla Firefox\firefox.exe</Image>
				</Rule>
                <Rule groupRelation="and">
				    <TargetObject name="technique_id=T1005,technique_name=Data from Local System" condition="contains">\SOFTWARE\Microsoft\Windows\CurrentVersion\CapabilityAccessManager\ConsentStore\usb</TargetObject>
                    <Image condition="excludes any">Google\Chrome\Application\chrome.exe;Zoom\bin\Zoom.exe;slack\slack.exe;Mozilla Firefox\firefox.exe</Image>
				</Rule>
                <Rule groupRelation="and">
				    <TargetObject name="technique_id=T1005,technique_name=Data from Local System" condition="contains">\SOFTWARE\Microsoft\Windows\CurrentVersion\CapabilityAccessManager\ConsentStore\location</TargetObject>
                    <Image condition="excludes any">Google\Chrome\Application\chrome.exe;Zoom\bin\Zoom.exe;slack\slack.exe;Mozilla Firefox\firefox.exe</Image>
				</Rule>
                <Rule groupRelation="and">
				    <TargetObject name="technique_id=T1005,technique_name=Data from Local System" condition="contains">\SOFTWARE\Microsoft\Windows\CurrentVersion\CapabilityAccessManager\ConsentStore\contacts</TargetObject>
                    <Image condition="excludes any">Google\Chrome\Application\chrome.exe;Zoom\bin\Zoom.exe;slack\slack.exe;Mozilla Firefox\firefox.exe</Image>
				</Rule>
                <Rule groupRelation="and">
				    <TargetObject name="technique_id=T1056.001,technique_name=Input Capture - Keylogging" condition="contains">\SOFTWARE\Microsoft\Windows\CurrentVersion\CapabilityAccessManager\ConsentStore\humanInterfaceDevice</TargetObject>
                    <Image condition="excludes any">Google\Chrome\Application\chrome.exe;Zoom\bin\Zoom.exe;slack\slack.exe;Mozilla Firefox\firefox.exe</Image>
				</Rule>
			</RegistryEvent>
		</RuleGroup>
	</EventFiltering>
</Sysmon>