<Sysmon schemaversion="4.30">
	<EventFiltering>
		<RuleGroup name="" groupRelation="or">
			<RegistryEvent onmatch="include">
				<TargetObject condition="contains">\Internet Explorer\Toolbar</TargetObject>				<!--Microsoft:InternetExplorer: Machine and user--><!--MDE-->
				<TargetObject condition="contains">\Internet Explorer\Extensions</TargetObject>				<!--Microsoft:InternetExplorer: Machine and user-->
				<TargetObject condition="contains">\Browser Helper Objects</TargetObject>				<!--Microsoft:InternetExplorer: Machine and user [ https://msdn.microsoft.com/en-us/library/bb250436(v=vs.85).aspx ] -->
				<TargetObject condition="contains">\software\microsoft\internet explorer\desktop\components\Source</TargetObject>				<!--MDE-->
				<TargetObject condition="contains">\software\microsoft\internet explorer\explorer bars\</TargetObject>				<!--MDE-->
				<TargetObject condition="contains">\software\microsoft\internet explorer\Styles\MaxScriptStatements</TargetObject>				<!--MDE-->
				<TargetObject condition="contains">\software\microsoft\internet explorer\toolbar\WebBrowser\ITBarLayout</TargetObject>				<!--MDE-->
				<TargetObject condition="contains">\software\wow6432node\microsoft\internet explorer\toolbar\WebBrowser\ITBarLayout</TargetObject>				<!--MDE-->
				<TargetObject condition="contains">\software\microsoft\internet explorer\urlsearchhooks\</TargetObject>				<!--MDE-->
				<TargetObject condition="contains">HKLM\software\wow6432node\microsoft\internet explorer\urlsearchhooks\</TargetObject>				<!--MDE-->
			</RegistryEvent>
		</RuleGroup>
	</EventFiltering>
</Sysmon>
