<Sysmon schemaversion="4.30">
	<EventFiltering>
		<RuleGroup name="" groupRelation="or">
			<RegistryEvent onmatch="include">
				<!-- https://blog.menasec.net/2019/02/threat-hunting-rdp-hijacking-via.html--> 
				<TargetObject name="technique_id=T1112,technique_name=Modify Registry" condition="begin with">HKLM\SYSTEM\CurrentControlSet\services\TermService\Parameters\ServiceDll</TargetObject>
				<TargetObject name="technique_id=T1112,technique_name=Modify Registry" condition="begin with">HKLM\SYSTEM\CurrentControlSet\Control\Terminal Server\fSingleSessionPerUser</TargetObject>
				<TargetObject name="technique_id=T1112,technique_name=Modify Registry" condition="begin with">HKLM\SYSTEM\CurrentControlSet\Control\Terminal Server\fDenyTSConnections</TargetObject>
				<!-- https://twitter.com/SagieSec/status/1469001618863624194?t=HRf0eA0W1YYzkTSHb-Ky1A&s=03
					 http://etutorials.org/Microsoft+Products/microsoft+windows+server+2003+terminal+services/Chapter+6+Registry/Registry+Keys+for+Terminal+Services/
				-->
				<TargetObject name="technique_id=T1112,technique_name=Modify Registry" condition="begin with">HKLM\SOFTWARE\Policies\Microsoft\Windows NT\Terminal Services\Shadow</TargetObject>
			</RegistryEvent>
		</RuleGroup>
	</EventFiltering>
</Sysmon>
