<Sysmon schemaversion="4.40">
   <EventFiltering>
      <RuleGroup name="" groupRelation="or">
         <FileDelete onmatch="include">
            <Rule groupRelation="and">
               <TargetFilename condition="begin with">C:\Windows\Temp</TargetFilename>
               <TargetFilename condition="contains any">.com;.bat;.exe;.reg;.ps1;.vbs;.vba;.lnk;.doc;.xls;.hta;.bin;.7z;.dll;.xla;.cmd;.sh;.lnk;.pptm;.scr;.msi;.sct</TargetFilename>
            </Rule>
            <Rule groupRelation="and">
               <TargetFilename condition="begin with">C:\Windows\System32</TargetFilename>
               <TargetFilename condition="contains any">.com;.bat;.exe;.reg;.ps1;.vbs;.vba;.lnk;.doc;.xls;.hta;.bin;.7z;.dll;.xla;.cmd;.sh;.lnk;.pptm;.scr;.msi;.sct</TargetFilename>
            </Rule>
            <Rule groupRelation="and">
               <TargetFilename condition="begin with">C:\Windows\SysWOW64</TargetFilename>
               <TargetFilename condition="contains any">.com;.bat;.exe;.reg;.ps1;.vbs;.vba;.lnk;.doc;.xls;.hta;.bin;.7z;.dll;.xla;.cmd;.sh;.lnk;.pptm;.scr;.msi;.sct</TargetFilename>
            </Rule>
            <Rule groupRelation="and">
               <TargetFilename condition="begin with">AppData</TargetFilename>
               <TargetFilename condition="contains any">.com;.bat;.exe;.reg;.ps1;.vbs;.vba;.lnk;.doc;.xls;.hta;.bin;.7z;.dll;.xla;.cmd;.sh;.lnk;.pptm;.scr;.msi;.sct</TargetFilename>
            </Rule>
            <Rule groupRelation="and">
               <TargetFilename condition="begin with">C:\ProgramData\Intel</TargetFilename>
               <TargetFilename condition="contains any">.com;.bat;.exe;.reg;.ps1;.vbs;.vba;.lnk;.doc;.xls;.hta;.bin;.7z;.dll;.xla;.cmd;.sh;.lnk;.pptm;.scr;.msi;.sct</TargetFilename>
            </Rule>
            <Rule groupRelation="and">
               <TargetFilename condition="begin with">C:\ProgramData\Mozilla</TargetFilename>
               <TargetFilename condition="contains any">.com;.bat;.exe;.reg;.ps1;.vbs;.vba;.lnk;.doc;.xls;.hta;.bin;.7z;.dll;.xla;.cmd;.sh;.lnk;.pptm;.scr;.msi;.sct</TargetFilename>
            </Rule>
            <Rule groupRelation="and">
               <TargetFilename condition="begin with">C:\ProgramData\chocolatey\logs</TargetFilename>
               <TargetFilename condition="contains any">.com;.bat;.exe;.reg;.ps1;.vbs;.vba;.lnk;.doc;.xls;.hta;.bin;.7z;.dll;.xla;.cmd;.sh;.lnk;.pptm;.scr;.msi;.sct</TargetFilename>
            </Rule>
            <Rule groupRelation="and">
               <TargetFilename condition="begin with">C:\ProgramData\Microsoft\DeviceSync</TargetFilename>
               <TargetFilename condition="contains any">.com;.bat;.exe;.reg;.ps1;.vbs;.vba;.lnk;.doc;.xls;.hta;.bin;.7z;.dll;.xla;.cmd;.sh;.lnk;.pptm;.scr;.msi;.sct</TargetFilename>
            </Rule>
            <Rule groupRelation="and">
               <TargetFilename condition="begin with">C:\ProgramData\Microsoft\PlayReady</TargetFilename>
               <TargetFilename condition="contains any">.com;.bat;.exe;.reg;.ps1;.vbs;.vba;.lnk;.doc;.xls;.hta;.bin;.7z;.dll;.xla;.cmd;.sh;.lnk;.pptm;.scr;.msi;.sct</TargetFilename>
            </Rule>
            <Rule groupRelation="and">
               <TargetFilename condition="begin with">C:\ProgramData\Microsoft\User Account Pictures</TargetFilename>
               <TargetFilename condition="contains any">.com;.bat;.exe;.reg;.ps1;.vbs;.vba;.lnk;.doc;.xls;.hta;.bin;.7z;.dll;.xla;.cmd;.sh;.lnk;.pptm;.scr;.msi;.sct</TargetFilename>
            </Rule>
            <Rule groupRelation="and">
               <TargetFilename condition="begin with">C:\ProgramData\Microsoft\Crypto\DSS\MachineKeys</TargetFilename>
               <TargetFilename condition="contains any">.com;.bat;.exe;.reg;.ps1;.vbs;.vba;.lnk;.doc;.xls;.hta;.bin;.7z;.dll;.xla;.cmd;.sh;.lnk;.pptm;.scr;.msi;.sct</TargetFilename>
            </Rule>
            <Rule groupRelation="and">
               <TargetFilename condition="begin with">C:\ProgramData\Microsoft\Crypto\RSA\MachineKeys</TargetFilename>
               <TargetFilename condition="contains any">.com;.bat;.exe;.reg;.ps1;.vbs;.vba;.lnk;.doc;.xls;.hta;.bin;.7z;.dll;.xla;.cmd;.sh;.lnk;.pptm;.scr;.msi;.sct</TargetFilename>
            </Rule>
            <Rule groupRelation="and">
               <TargetFilename condition="begin with">C:\ProgramData\Microsoft\NetFramework\BreadcrumbStore</TargetFilename>
               <TargetFilename condition="contains any">.com;.bat;.exe;.reg;.ps1;.vbs;.vba;.lnk;.doc;.xls;.hta;.bin;.7z;.dll;.xla;.cmd;.sh;.lnk;.pptm;.scr;.msi;.sct</TargetFilename>
            </Rule>
            <Rule groupRelation="and">
               <TargetFilename condition="begin with">C:\ProgramData\Microsoft\Office\Heartbeat</TargetFilename>
               <TargetFilename condition="contains any">.com;.bat;.exe;.reg;.ps1;.vbs;.vba;.lnk;.doc;.xls;.hta;.bin;.7z;.dll;.xla;.cmd;.sh;.lnk;.pptm;.scr;.msi;.sct</TargetFilename>
            </Rule>
            <Rule groupRelation="and">
               <TargetFilename condition="begin with">C:\ProgramData\Microsoft\Windows\WER\ReportQueue</TargetFilename>
               <TargetFilename condition="contains any">.com;.bat;.exe;.reg;.ps1;.vbs;.vba;.lnk;.doc;.xls;.hta;.bin;.7z;.dll;.xla;.cmd;.sh;.lnk;.pptm;.scr;.msi;.sct</TargetFilename>
            </Rule>
            <Rule groupRelation="and">
               <TargetFilename condition="begin with">C:\ProgramData\Microsoft\Windows\WER\Temp</TargetFilename>
               <TargetFilename condition="contains any">.com;.bat;.exe;.reg;.ps1;.vbs;.vba;.lnk;.doc;.xls;.hta;.bin;.7z;.dll;.xla;.cmd;.sh;.lnk;.pptm;.scr;.msi;.sct</TargetFilename>
            </Rule>
            <Rule groupRelation="and">
               <TargetFilename condition="begin with">C:\ProgramData\Microsoft\Windows\WER\Temp</TargetFilename>
               <TargetFilename condition="contains any">.com;.bat;.exe;.reg;.ps1;.vbs;.vba;.lnk;.doc;.xls;.hta;.bin;.7z;.dll;.xla;.cmd;.sh;.lnk;.pptm;.scr;.msi;.sct</TargetFilename>
            </Rule>
            <Rule groupRelation="and">
               <TargetFilename condition="begin with">C:\ProgramData\Microsoft\Windows\WER\Temp</TargetFilename>
               <TargetFilename condition="contains any">.com;.bat;.exe;.reg;.ps1;.vbs;.vba;.lnk;.doc;.xls;.hta;.bin;.7z;.dll;.xla;.cmd;.sh;.lnk;.pptm;.scr;.msi;.sct</TargetFilename>
            </Rule>
            <Rule groupRelation="and">
               <TargetFilename condition="begin with">C:\ProgramData\Microsoft\Windows\WER\Temp</TargetFilename>
               <TargetFilename condition="contains any">.com;.bat;.exe;.reg;.ps1;.vbs;.vba;.lnk;.doc;.xls;.hta;.bin;.7z;.dll;.xla;.cmd;.sh;.lnk;.pptm;.scr;.msi;.sct</TargetFilename>
            </Rule>
            <Rule groupRelation="and">
               <TargetFilename condition="begin with">C:\ProgramData\Microsoft\Windows\WER\Temp</TargetFilename>
               <TargetFilename condition="contains any">.com;.bat;.exe;.reg;.ps1;.vbs;.vba;.lnk;.doc;.xls;.hta;.bin;.7z;.dll;.xla;.cmd;.sh;.lnk;.pptm;.scr;.msi;.sct</TargetFilename>
            </Rule>
            <Rule groupRelation="and">
               <TargetFilename condition="begin with">C:\Users\All Users\Intel</TargetFilename>
               <TargetFilename condition="contains any">.com;.bat;.exe;.reg;.ps1;.vbs;.vba;.lnk;.doc;.xls;.hta;.bin;.7z;.dll;.xla;.cmd;.sh;.lnk;.pptm;.scr;.msi;.sct</TargetFilename>
            </Rule>
            <Rule groupRelation="and">
               <TargetFilename condition="begin with">C:\Users\All Users\Mozilla</TargetFilename>
               <TargetFilename condition="contains any">.com;.bat;.exe;.reg;.ps1;.vbs;.vba;.lnk;.doc;.xls;.hta;.bin;.7z;.dll;.xla;.cmd;.sh;.lnk;.pptm;.scr;.msi;.sct</TargetFilename>
            </Rule>
            <Rule groupRelation="and">
               <TargetFilename condition="begin with">C:\Users\All Users\chocolatey\logs</TargetFilename>
               <TargetFilename condition="contains any">.com;.bat;.exe;.reg;.ps1;.vbs;.vba;.lnk;.doc;.xls;.hta;.bin;.7z;.dll;.xla;.cmd;.sh;.lnk;.pptm;.scr;.msi;.sct</TargetFilename>
            </Rule>
            <Rule groupRelation="and">
               <TargetFilename condition="begin with">C:\Users\All Users\Microsoft\DeviceSync</TargetFilename>
               <TargetFilename condition="contains any">.com;.bat;.exe;.reg;.ps1;.vbs;.vba;.lnk;.doc;.xls;.hta;.bin;.7z;.dll;.xla;.cmd;.sh;.lnk;.pptm;.scr;.msi;.sct</TargetFilename>
            </Rule>
            <Rule groupRelation="and">
               <TargetFilename condition="begin with">C:\Users\All Users\Microsoft\PlayReady</TargetFilename>
               <TargetFilename condition="contains any">.com;.bat;.exe;.reg;.ps1;.vbs;.vba;.lnk;.doc;.xls;.hta;.bin;.7z;.dll;.xla;.cmd;.sh;.lnk;.pptm;.scr;.msi;.sct</TargetFilename>
            </Rule>
            <Rule groupRelation="and">
               <TargetFilename condition="begin with">C:\Users\All Users\Microsoft\User Account Pictures</TargetFilename>
               <TargetFilename condition="contains any">.com;.bat;.exe;.reg;.ps1;.vbs;.vba;.lnk;.doc;.xls;.hta;.bin;.7z;.dll;.xla;.cmd;.sh;.lnk;.pptm;.scr;.msi;.sct</TargetFilename>
            </Rule>
            <Rule groupRelation="and">
               <TargetFilename condition="begin with">C:\Users\All Users\Microsoft\Crypto\DSS\MachineKeys</TargetFilename>
               <TargetFilename condition="contains any">.com;.bat;.exe;.reg;.ps1;.vbs;.vba;.lnk;.doc;.xls;.hta;.bin;.7z;.dll;.xla;.cmd;.sh;.lnk;.pptm;.scr;.msi;.sct</TargetFilename>
            </Rule>
            <Rule groupRelation="and">
               <TargetFilename condition="begin with">C:\Users\All Users\Microsoft\Crypto\RSA\MachineKeys</TargetFilename>
               <TargetFilename condition="contains any">.com;.bat;.exe;.reg;.ps1;.vbs;.vba;.lnk;.doc;.xls;.hta;.bin;.7z;.dll;.xla;.cmd;.sh;.lnk;.pptm;.scr;.msi;.sct</TargetFilename>
            </Rule>
            <Rule groupRelation="and">
               <TargetFilename condition="begin with">C:\Users\All Users\Microsoft\NetFramework\BreadcrumbStore</TargetFilename>
               <TargetFilename condition="contains any">.com;.bat;.exe;.reg;.ps1;.vbs;.vba;.lnk;.doc;.xls;.hta;.bin;.7z;.dll;.xla;.cmd;.sh;.lnk;.pptm;.scr;.msi;.sct</TargetFilename>
            </Rule>
            <Rule groupRelation="and">
               <TargetFilename condition="begin with">C:\Users\All Users\Microsoft\Office\Heartbeat</TargetFilename>
               <TargetFilename condition="contains any">.com;.bat;.exe;.reg;.ps1;.vbs;.vba;.lnk;.doc;.xls;.hta;.bin;.7z;.dll;.xla;.cmd;.sh;.lnk;.pptm;.scr;.msi;.sct</TargetFilename>
            </Rule>
            <Rule groupRelation="and">
               <TargetFilename condition="begin with">C:\Users\All Users\Microsoft\Windows\WER\ReportArchive</TargetFilename>
               <TargetFilename condition="contains any">.com;.bat;.exe;.reg;.ps1;.vbs;.vba;.lnk;.doc;.xls;.hta;.bin;.7z;.dll;.xla;.cmd;.sh;.lnk;.pptm;.scr;.msi;.sct</TargetFilename>
            </Rule>
            <Rule groupRelation="and">
               <TargetFilename condition="begin with">C:\Users\All Users\Microsoft\Windows\WER\ReportQueue</TargetFilename>
               <TargetFilename condition="contains any">.com;.bat;.exe;.reg;.ps1;.vbs;.vba;.lnk;.doc;.xls;.hta;.bin;.7z;.dll;.xla;.cmd;.sh;.lnk;.pptm;.scr;.msi;.sct</TargetFilename>
            </Rule>
            <Rule groupRelation="and">
               <TargetFilename condition="begin with">C:\Users\All Users\Microsoft\Windows\WER\Temp</TargetFilename>
               <TargetFilename condition="contains any">.com;.bat;.exe;.reg;.ps1;.vbs;.vba;.lnk;.doc;.xls;.hta;.bin;.7z;.dll;.xla;.cmd;.sh;.lnk;.pptm;.scr;.msi;.sct</TargetFilename>
            </Rule>
            <Rule groupRelation="and">
               <TargetFilename condition="begin with">C:\Windows\Tasks</TargetFilename>
               <TargetFilename condition="contains any">.com;.bat;.exe;.reg;.ps1;.vbs;.vba;.lnk;.doc;.xls;.hta;.bin;.7z;.dll;.xla;.cmd;.sh;.lnk;.pptm;.scr;.msi;.sct</TargetFilename>
            </Rule>
            <Rule groupRelation="and">
               <TargetFilename condition="begin with">C:\Windows\tracing</TargetFilename>
               <TargetFilename condition="contains any">.com;.bat;.exe;.reg;.ps1;.vbs;.vba;.lnk;.doc;.xls;.hta;.bin;.7z;.dll;.xla;.cmd;.sh;.lnk;.pptm;.scr;.msi;.sct</TargetFilename>
            </Rule>
            <Rule groupRelation="and">
               <TargetFilename condition="begin with">C:\Windows\Registration\CRMLog</TargetFilename>
               <TargetFilename condition="contains any">.com;.bat;.exe;.reg;.ps1;.vbs;.vba;.lnk;.doc;.xls;.hta;.bin;.7z;.dll;.xla;.cmd;.sh;.lnk;.pptm;.scr;.msi;.sct</TargetFilename>
            </Rule>
            <Rule groupRelation="and">
               <TargetFilename condition="begin with">C:\Windows\System32\Tasks</TargetFilename>
               <TargetFilename condition="contains any">.com;.bat;.exe;.reg;.ps1;.vbs;.vba;.lnk;.doc;.xls;.hta;.bin;.7z;.dll;.xla;.cmd;.sh;.lnk;.pptm;.scr;.msi;.sct</TargetFilename>
            </Rule>
            <Rule groupRelation="and">
               <TargetFilename condition="begin with">C:\Windows\System32\Microsoft\Crypto\RSA\MachineKeys</TargetFilename>
               <TargetFilename condition="contains any">.com;.bat;.exe;.reg;.ps1;.vbs;.vba;.lnk;.doc;.xls;.hta;.bin;.7z;.dll;.xla;.cmd;.sh;.lnk;.pptm;.scr;.msi;.sct</TargetFilename>
            </Rule>
            <Rule groupRelation="and">
               <TargetFilename condition="begin with">C:\Windows\System32\spool\drivers\color</TargetFilename>
               <TargetFilename condition="contains any">.com;.bat;.exe;.reg;.ps1;.vbs;.vba;.lnk;.doc;.xls;.hta;.bin;.7z;.dll;.xla;.cmd;.sh;.lnk;.pptm;.scr;.msi;.sct</TargetFilename>
            </Rule>
            <Rule groupRelation="and">
               <TargetFilename condition="begin with">C:\Windows\SysWOW64\Tasks</TargetFilename>
               <TargetFilename condition="contains any">.com;.bat;.exe;.reg;.ps1;.vbs;.vba;.lnk;.doc;.xls;.hta;.bin;.7z;.dll;.xla;.cmd;.sh;.lnk;.pptm;.scr;.msi;.sct</TargetFilename>
            </Rule>
         </FileDelete>
      </RuleGroup>
   </EventFiltering>
</Sysmon>
