<Sysmon schemaversion="4.30">
   <EventFiltering>
      <RuleGroup name="" groupRelation="or">
         <FileDelete onmatch="include">
            <TargetFilename condition="contains all">C:\Program Files\Microsoft SQL Server;\Shared\ErrorDumps</TargetFilename>            <!--Writable for all users-->
            <TargetFilename condition="contains all">C:\Program Files\Microsoft SQL Server;\DataDumps</TargetFilename>            <!--Writable for all users-->
            <TargetFilename condition="contains all">C:\Program Files (X86)\Microsoft SQL Server\;Shared\ErrorDumps</TargetFilename>            <!--Writable for all users-->
         </FileDelete>
      </RuleGroup>
   </EventFiltering>
</Sysmon>