<Sysmon schemaversion="4.30">
	<EventFiltering>
		<RuleGroup name="" groupRelation="or">
			<FileCreateStreamHash onmatch="include">
				<TargetFilename condition="end with">.vb</TargetFilename>				<!--VisualBasicScripting files-->
				<TargetFilename condition="end with">.vbe</TargetFilename>				<!--VisualBasicScripting files-->
				<TargetFilename condition="end with">.vbs</TargetFilename>				<!--VisualBasicScripting files-->
			</FileCreateStreamHash>
		</RuleGroup>
	</EventFiltering>
</Sysmon>