<Sysmon schemaversion="4.30">
	<EventFiltering>
		<RuleGroup name="" groupRelation="or">
			<ProcessTerminate onmatch="include">
				<Image condition="begin with">C:\Users</Image>				<!--Process terminations by user binaries-->
				<Image condition="begin with">C:\Temp</Image>				<!--Process terminations by temp binaries-->
				<Image condition="begin with">C:\Windows\Temp</Image>				<!--Process terminations by temp binaries-->
			</ProcessTerminate>
		</RuleGroup>
	</EventFiltering>
</Sysmon>
