<Sysmon schemaversion="4.30">
  <EventFiltering>
    <RuleGroup name="" groupRelation="or">
      <PipeEvent onmatch="exclude">
        <Rule groupRelation="and">
          <Image condition="contains all">C:\Program Files;\Mozilla Firefox\firefox.exe</Image>
          <PipeName condition="begin with">\cubeb-pipe-</PipeName>
        </Rule>
        <Rule groupRelation="and">
          <Image condition="contains all">C:\Program Files;\Mozilla Firefox\firefox.exe</Image>
          <PipeName condition="begin with">\chrome.</PipeName>
        </Rule>
        <Rule groupRelation="and">
          <Image condition="contains all">C:\Program Files;\Mozilla Firefox\firefox.exe</Image>
          <PipeName condition="begin with">\gecko-crash-server-pipe.</PipeName>
        </Rule>
      </PipeEvent>
    </RuleGroup>
  </EventFiltering>
</Sysmon>
