<Sysmon schemaversion="4.60">
  <EventFiltering>
    <RuleGroup name="" groupRelation="or">
      <PipeEvent onmatch="exclude">
        <Rule groupRelation="and">
          <Image condition="contains all">C:\Program Files;\Common Files\Adobe\ARM\1.0\AdobeARM.exe</Image>
          <PipeName condition="begin with">\32B6B37A-4A7D-4e00-95F2-</PipeName>
          <PipeName condition="end with">thsnYaVieBoda</PipeName>
        </Rule>
        <Rule groupRelation="and">
          <Image condition="contains all">C:\Program Files;\Adobe\Acrobat Reader DC\Reader\AcroCEF\RdrCEF.exe</Image>
          <PipeName condition="begin with">\com.adobe.reader.rna.;\mojo</PipeName>
        </Rule>
        <Rule groupRelation="and">
          <Image condition="contains all">C:\Program Files;\Common Files\Adobe\AdobeGCClient\AGMService.exe</Image>
          <PipeName condition="begin with">\gc_pipe_</PipeName>
        </Rule>
        <Rule groupRelation="and">
          <Image condition="contains all">C:\Program Files;\Common Files\Adobe\Creative Cloud Libraries\libs\node.exe</Image>
          <PipeName condition="begin with">\uv\</PipeName>
        </Rule>
      </PipeEvent>
    </RuleGroup>
  </EventFiltering>
</Sysmon>
