<Sysmon schemaversion="4.30">
  <EventFiltering>
    <RuleGroup name="" groupRelation="or">
      <PipeEvent onmatch="exclude">
        <Image condition="end with">Program Files (x86)\Trend Micro\OfficeScan\PCCSRV\CMAgent\OfcCMAgent.exe</Image>
        <Image condition="end with">Program Files (x86)\Trend Micro\OfficeScan\PCCSRV\web\service\ofcservice.exe</Image>
        <Image condition="end with">Program Files (x86)\Trend Micro\OfficeScan\PCCSRV\Web\Service\DbServer.exe</Image>
        <Image condition="end with">Program Files (x86)\Trend Micro\OfficeScan\PCCSRV\web\service\verconn.exe</Image>
        <Image condition="end with">Program Files (x86)\Trend Micro\OfficeScan\PCCSRV\WEB_OSCE\WEB\CGI\cgiOnClose.exe</Image>
        <Image condition="end with">Program Files (x86)\Trend Micro\OfficeScan\PCCSRV\WEB_OSCE\WEB\CGI\cgiRqHotFix.exe</Image>
        <Image condition="end with">Program Files (x86)\Trend Micro\OfficeScan\PCCSRV\LWCS\LWCSService.exe</Image>
        <Image condition="end with">Program Files (x86)\Trend Micro\OfficeScan\PCCSRV\WSS\iCRCService.exe</Image>
        <Image condition="end with">Program Files\Trend\SPROTECT\x64\tsc.exe</Image>
        <Image condition="end with">Program Files\Trend\SPROTECT\x64\tsc64.exe</Image>
        <Image condition="end with">Program Files (x86)\Trend Micro\OfficeScan\PCCSRV\web\service\osceintegrationservice.exe</Image>
        <Image condition="end with">Program Files (x86)\Trend Micro\OfficeScan\PCCSRV\web\service\OfcLogReceiverSvc.exe</Image>
        <PipeName condition="is">\Trend Micro OSCE Command Handler Manager</PipeName>
        <PipeName condition="is">\Trend Micro OSCE Command Handler2 Manager</PipeName>
        <PipeName condition="is">\Trend Micro Endpoint Encryption ToolBox Command Handler Manager</PipeName>
        <PipeName condition="is">\OfcServerNamePipe</PipeName>
      </PipeEvent>
    </RuleGroup>
  </EventFiltering>
</Sysmon>