<Sysmon schemaversion="4.50">
  <EventFiltering>
    <RuleGroup name="" groupRelation="or">
      <ProcessTampering onmatch="exclude">
        <Image condition="is">C:\Program Files\Mozilla Firefox\firefox.exe</Image>
        <Image condition="is">C:\Program Files\Mozilla Firefox\updater.exe</Image>
        <Image condition="is">C:\Program Files\Mozilla Firefox\default-browser-agent.exe</Image>
        <Image condition="is">C:\Program Files\Mozilla Firefox\pingsender.exe</Image>
      </ProcessTampering>
    </RuleGroup>
  </EventFiltering>
</Sysmon>