<Sysmon schemaversion="4.60">
   <EventFiltering>
      <RuleGroup name="" groupRelation="or">
         <FileDeleteDetected onmatch="include">
            <Rule groupRelation="and">
               <TargetFilename condition="begin with">C:\Program Files\Qualys\QualysAgent</TargetFilename>               <!--Writable for all users-->
               <TargetFilename condition="contains any">.com;.bat;.exe;.reg;.ps1;.vbs;.vba;.lnk;.doc;.xls;.hta;.bin;.7z;.dll;.xla;.cmd;.sh;.lnk;.pptm;.scr;.msi;.sct</TargetFilename>
            </Rule>
         </FileDeleteDetected>
      </RuleGroup>
   </EventFiltering>
</Sysmon>
