<Sysmon schemaversion="4.30">
	<EventFiltering>
		<RuleGroup name="" groupRelation="or">
			<FileCreate onmatch="include">
				<TargetFilename condition="begin with">C:\Windows\System32\GroupPolicy\Machine\Scripts</TargetFilename>				<!--Group policy [ More information: http://www.hexacorn.com/blog/2017/01/07/beyond-good-ol-run-key-part-52/ ] -->
				<TargetFilename condition="begin with">C:\Windows\System32\GroupPolicy\User\Scripts</TargetFilename>				<!--Group policy [ More information: http://www.hexacorn.com/blog/2017/01/07/beyond-good-ol-run-key-part-52/ ] -->
			</FileCreate>
		</RuleGroup>
	</EventFiltering>
</Sysmon>