<Sysmon schemaversion="4.30">
	<EventFiltering>
		<RuleGroup name="" groupRelation="or">
			<FileCreate onmatch="include">
				<TargetFilename name="technique_id=T1059.001,technique_name=PowerShell" condition="begin with">C:\Windows\System32\WindowsPowerShell</TargetFilename>				<!--Microsoft:Powershell: Look for modifications for persistence [ https://www.malwarearchaeology.com/cheat-sheets ] -->
				<TargetFilename name="technique_id=T1059.001,technique_name=PowerShell" condition="begin with">C:\Windows\SysWOW64\WindowsPowerShell</TargetFilename>				<!--Microsoft:Powershell: Look for modifications for persistence [ https://www.malwarearchaeology.com/cheat-sheets ] -->
			</FileCreate>
		</RuleGroup>
	</EventFiltering>
</Sysmon>
