<Sysmon schemaversion="4.30">
	<EventFiltering>
		<RuleGroup name="" groupRelation="or">
			<FileCreate onmatch="include">
				<TargetFilename name="technique_id=T1059.001,technique_name=PowerShell" condition="end with">.ps1</TargetFilename>				<!--PowerShell [ More information: http://www.hexacorn.com/blog/2014/08/27/beyond-good-ol-run-key-part-16/ ] -->
				<TargetFilename name="technique_id=T1059.001,technique_name=PowerShell" condition="end with">.ps2</TargetFilename>				<!--PowerShell -->
			</FileCreate>
		</RuleGroup>
	</EventFiltering>
</Sysmon>
