<Sysmon schemaversion="4.30">
	<EventFiltering>
		<RuleGroup name="" groupRelation="or">
			<ProcessCreate onmatch="exclude">
				<Image condition="end with">C:\Program Files (x86)\Adobe\Adobe Creative Cloud\ACC\Creative Cloud.exe</Image>
				<ParentImage condition="end with">C:\Program Files (x86)\Adobe\Adobe Creative Cloud\ACC\Creative Cloud.exe</ParentImage>
				<ParentImage condition="end with">C:\Program Files (x86)\Adobe\Adobe Creative Cloud\CCXProcess\CCXProcess.exe</ParentImage>
				<ParentImage condition="end with">C:\Program Files (x86)\Adobe\Adobe Creative Cloud\CoreSync\CoreSync.exe</ParentImage>
			</ProcessCreate>
		</RuleGroup>
	</EventFiltering>
</Sysmon>
