<Sysmon schemaversion="4.30">
	<EventFiltering>
		<RuleGroup name="" groupRelation="or">
			<ProcessCreate onmatch="exclude">
				<ParentImage condition="is">C:\Program Files (x86)\RES Software\Workspace Manager\pfwsmgr.exe</ParentImage>
				<ParentImage condition="is">C:\Program Files (x86)\RES Software\Workspace Manager\respesvc64.exe</ParentImage>
				<ParentImage condition="is">C:\Program Files (x86)\Ivanti\Workspace Control\pfwsmgr.exe</ParentImage>
				<ParentImage condition="is">C:\Program Files (x86)\RES Software\Workspace Manager\ResPesvc64.exe</ParentImage>
				<ParentImage condition="is">C:\Program Files\RES Software\Workspace Manager\respesvc.exe</ParentImage>
				<ParentImage condition="is">C:\Program Files\Ivanti\Workspace Control\ResPesvc.exe</ParentImage>
			</ProcessCreate>
		</RuleGroup>
	</EventFiltering>
</Sysmon>