<Sysmon schemaversion="4.30">
  <EventFiltering>
    <RuleGroup name="" groupRelation="or">
      <ProcessCreate onmatch="exclude">
        <Image condition="is">C:\Program Files\Trend Micro\Deep Security Agent\ds_monitor.exe</Image>        <!--Credit pdoconnell -->
        <Image condition="is">C:\Program Files\Trend Micro\Deep Security Agent\dsa.exe</Image>        <!--Credit pdoconnell -->
        <Image condition="is">C:\Program Files\Trend Micro\Deep Security Agent\dsuam.exe</Image>        <!--Credit pdoconnell -->
        <Image condition="is">C:\Program Files\Trend Micro\Deep Security Agent\Notifier.exe</Image>        <!--Credit pdoconnell -->
        <Image condition="is">C:\Program Files\Trend Micro\Deep Security Agent\lib\Patch.exe</Image>        <!--Credit pdoconnell -->
        <Image condition="is">C:\Program Files (x86)\Trend Micro\BM\TMBMSRV.exe</Image>        <!--Credit d4ph1l -->
        <Image condition="is">C:\Program Files (x86)\Trend Micro\OfficeScan Client\TmopExtIns32.exe</Image>        <!--Credit d4ph1l -->
        <Image condition="is">C:\Program Files (x86)\Trend Micro\OfficeScan Client\TmExtIns.exe</Image>        <!--Credit d4ph1l -->
        <Image condition="is">C:\Program Files (x86)\Trend Micro\OfficeScan Client\TmListen.exe</Image>        <!--Credit d4ph1l -->
      </ProcessCreate>
    </RuleGroup>
  </EventFiltering>
</Sysmon>
