<Sysmon schemaversion="4.30">
	<EventFiltering>
		<RuleGroup name="" groupRelation="or">
			<ProcessCreate onmatch="exclude">
				<Image condition="is">C:\Program Files\Common Files\Microsoft Shared\ClickToRun\OfficeC2RClient.exe</Image>				<!--Microsoft:Office: Background process-->
				<ParentImage condition="end with">C:\Program Files\Common Files\Microsoft Shared\ClickToRun\OfficeClickToRun.exe</ParentImage>				<!--Microsoft:Office: Background process-->
				<ParentImage condition="is">C:\Program Files\Common Files\Microsoft Shared\ClickToRun\OfficeC2RClient.exe</ParentImage>				<!--Microsoft:Office: Background process-->
			</ProcessCreate>
		</RuleGroup>
	</EventFiltering>
</Sysmon>