<Sysmon schemaversion="4.30">
	<EventFiltering>
		<RuleGroup name="" groupRelation="or">
			<ProcessCreate onmatch="exclude">
				<Image condition="end with">C:\Program Files (x86)\Common Files\Adobe\ARM\1.0\AdobeARM.exe</Image>				<!--Adobe:Updater: Properly hardened updater, not a risk-->
				<ParentImage condition="end with">C:\Program Files (x86)\Common Files\Adobe\ARM\1.0\AdobeARM.exe</ParentImage>				<!--Adobe:Updater: Properly hardened updater, not a risk-->
				<Image condition="end with">C:\Program Files (x86)\Common Files\Adobe\ARM\1.0\armsvc.exe</Image>				<!--Adobe:Updater: Properly hardened updater, not a risk-->
				<Image condition="end with">C:\Program Files (x86)\Adobe\Acrobat DC\Acrobat\AdobeCollabSync.exe</Image>
				<Image condition="end with">C:\Program Files (x86)\Common Files\Adobe\Adobe Desktop Common\HEX\Adobe CEF Helper.exe</Image>
				<Image condition="end with">C:\Program Files (x86)\Common Files\Adobe\AdobeGCClient\AdobeGCClient.exe</Image>				<!--Adobe:Creative Cloud-->
				<Image condition="end with">C:\Program Files (x86)\Common Files\Adobe\OOBE\PDApp\P6\adobe_licutil.exe</Image>				<!--Adobe:License utility-->
				<Image condition="end with">C:\Program Files (x86)\Common Files\Adobe\OOBE\PDApp\P7\adobe_licutil.exe</Image>				<!--Adobe:License utility-->
				<ParentImage condition="end with">C:\Program Files (x86)\Common Files\Adobe\OOBE\PDApp\P7\adobe_licutil.exe</ParentImage>				<!--Adobe:License utility-->
				<Image condition="end with">C:\Program Files (x86)\Common Files\Adobe\OOBE\PDApp\UWA\updaterstartuputility.exe</Image>
				<ParentImage condition="is">C:\Program Files (x86)\Common Files\Adobe\OOBE\PDApp\UWA\updaterstartuputility.exe</ParentImage>
			</ProcessCreate>
		</RuleGroup>
	</EventFiltering>
</Sysmon>