<Sysmon schemaversion="4.30">
	<EventFiltering>
		<RuleGroup name="" groupRelation="or">
			<ProcessCreate onmatch="exclude">
				<Image condition="is">C:\Program Files (x86)\Microsoft Office\Office16\MSOSYNC.EXE</Image>				<!--Microsoft:Office: Background process-->
				<Image condition="is">C:\Program Files\Common Files\Microsoft Shared\OfficeSoftwareProtectionPlatform\OSPPSVC.EXE</Image>				<!--Microsoft:Office: Background process-->
			</ProcessCreate>
		</RuleGroup>
	</EventFiltering>
</Sysmon>