<Sysmon schemaversion="4.30">
	<EventFiltering>
		<RuleGroup name="" groupRelation="or">
			<ProcessCreate onmatch="exclude">
				<CommandLine condition="begin with">"C:\Program Files (x86)\Google\Chrome\Application\chrome.exe" --type=</CommandLine>				<!--Google:Chrome: massive command-line arguments-->
				<CommandLine condition="begin with">"C:\Program Files\Google\Chrome\Application\chrome.exe" --type=</CommandLine>				<!--Google:Chrome: massive command-line arguments-->
				<Image condition="begin with">C:\Program Files (x86)\Google\Update\</Image>				<!--Google:Chrome: Updater-->
				<ParentImage condition="begin with">C:\Program Files (x86)\Google\Update\</ParentImage>				<!--Google:Chrome: Updater-->
			</ProcessCreate>
		</RuleGroup>
	</EventFiltering>
</Sysmon>