<Sysmon schemaversion="4.30">
	<EventFiltering>
		<RuleGroup name="" groupRelation="or">
			<ProcessCreate onmatch="exclude">
				<CommandLine condition="begin with">"C:\Program Files\Mozilla Firefox\plugin-container.exe" --channel</CommandLine>				<!-- Mozilla:Firefox: Large command-line arguments | Credit @Darkbat91 -->
				<CommandLine condition="begin with">"C:\Program Files (x86)\Mozilla Firefox\plugin-container.exe" --channel</CommandLine>				<!-- Mozilla:Firefox: Large command-line arguments | Credit @Darkbat91 -->
			</ProcessCreate>
		</RuleGroup>
	</EventFiltering>
</Sysmon>