  <Sysmon schemaversion="4.70">
  <EventFiltering>
    <RuleGroup name="" groupRelation="or">
      <ProcessCreate onmatch="include">
        <Rule groupRelation="and">
          <CommandLine condition="contains">Set-MpPreference</CommandLine>
          <CommandLine condition="contains any">-DisableRealTimeMonitoring $true;-DisableBehaviorMonitoring $true;-DisableBlockAtFirstSeen $true;-DisableIOAVProtection $true;-DisablePrivacyMode $true;-SignatureDisableUpdateOnStartupWithoutEngine $true;-DisableArchiveScanning $true;-DisableIntrusionPreventionSystem $true;-DisableScriptScanning $true</CommandLine>
        </Rule>
      </ProcessCreate>
    </RuleGroup>
  </EventFiltering>
</Sysmon>
