<Sysmon schemaversion="4.30">
  <EventFiltering>
    <RuleGroup name="" groupRelation="or">
      <ProcessCreate onmatch="include">
        <Rule name="Eventviewer Bypass UAC" groupRelation="and">
          <ParentImage name="technique_id=T1548.002,technique_name=Bypass User Access Control" condition="image">eventvwr.exe</ParentImage>          <!-- eventvwr.exe launching child process other than mmc.exe -->
          <Image condition="is not">c:\windows\system32\mmc.exe</Image>
        </Rule>
        <ParentImage name="technique_id=T1548.002,technique_name=Bypass User Access Control" condition="image">fodhelper.exe</ParentImage>
      </ProcessCreate>
    </RuleGroup>
  </EventFiltering>
</Sysmon>
