<Sysmon schemaversion="4.30">
  <EventFiltering>
    <RuleGroup name="" groupRelation="or">
      <ProcessCreate onmatch="include">
        <Rule name="Windows Defender tampering" groupRelation="and">
          <Image name="technique_id=T1562.001,technique_name=Disable or Modify Tools" condition="image">MpCmdRun.exe</Image>          <!-- Credit @viss http://www.offensiveops.io/tools/incapacitating-windows-defender/ -->
          <CommandLine name="technique_id=T1562.001,technique_name=Disable or Modify Tools" condition="contains any">Add-MpPreference;RemoveDefinitions;DisableIOAVProtection</CommandLine>          <!-- Credit @viss http://www.offensiveops.io/tools/incapacitating-windows-defender/ -->
        </Rule>
      </ProcessCreate>
    </RuleGroup>
  </EventFiltering>
</Sysmon>
