<Sysmon schemaversion="4.30">
    <EventFiltering>
        <RuleGroup name="" groupRelation="or">
            <NetworkConnect onmatch="exclude">
                <Image condition="end with">AppData\Local\SynologyDrive\SynologyDrive.app\bin\cloud-drive-ui.exe</Image>                <!--SynologyDrive-->
                <Image condition="end with">AppData\Local\SynologyDrive\SynologyDrive.app\bin\cloud-drive-daemon.exe</Image>                <!--SynologyDrive-->
            </NetworkConnect>
        </RuleGroup>
    </EventFiltering>
</Sysmon>