<Sysmon schemaversion="4.30">
  <EventFiltering>
    <RuleGroup name="" groupRelation="or">
      <NetworkConnect onmatch="exclude">
        <Image condition="is">C:\Program Files (x86)\Sophos\Sophos Anti-Virus\Web Intelligence\swi_service.exe</Image>        <!--Credit d4ph1l -->
        <Image condition="is">C:\Program Files (x86)\Sophos\AutoUpdate\ALsvc.exe</Image>        <!--Credit d4ph1l -->
        <Image condition="is">C:\Program Files (x86)\Sophos\Remote Management System\RouterNT.exe</Image>        <!--Credit d4ph1l -->
        <Image condition="is">C:\Program Files (x86)\Sophos\Sophos Anti-Virus\Web Control\swc_service.exe</Image>        <!--Credit d4ph1l -->
        <Image condition="is">C:\Program Files (x86)\Sophos\Sophos Anti-Virus\Web Intelligence\swi_service.exe</Image>        <!--Credit d4ph1l -->
        <Image condition="is">C:\Program Files\Sophos\Sophos Network Threat Protection\bin\SntpService.exe</Image>        <!--Credit d4ph1l -->
      </NetworkConnect>
    </RuleGroup>
  </EventFiltering>
</Sysmon>
