<Sysmon schemaversion="4.30">
	<EventFiltering>
		<RuleGroup name="" groupRelation="or">
			<NetworkConnect onmatch="include">
				<!--3rd Party Remote Management tools-->
				<Image name="technique_id=T1021,technique_name=Remote Services" condition="image">vnc.exe</Image>				<!-- VNC client | Credit @Cyb3rOps -->
				<Image name="technique_id=T1021,technique_name=Remote Services" condition="image">vncviewer.exe</Image>				<!-- VNC client | Credit @Cyb3rOps -->
				<Image name="technique_id=T1021,technique_name=Remote Services" condition="image">vncservice.exe</Image>				<!-- VNC server | Credit @Cyb3rOps -->
				<Image name="technique_id=T1569.002,technique_name=Service Execution" condition="image">winexesvc.exe</Image>				<!-- Winexe service executable | Credit @Cyb3rOps -->
			</NetworkConnect>
		</RuleGroup>
	</EventFiltering>
</Sysmon>
