<Sysmon schemaversion="4.30">
	<EventFiltering>
		<RuleGroup name="" groupRelation="or">
			<NetworkConnect onmatch="include">
				<!--TOR - Frequently used by malware-->
				<Image condition="image">tor.exe</Image>				<!--Tor [ https://www.hybrid-analysis.com/sample/800bf028a23440134fc834efc5c1e02cc70f05b2e800bbc285d7c92a4b126b1c?environmentId=100 ] -->
				<!--Ports: Tor-->
				<DestinationPort name="technique_id=T1571,technique_name=Non-Standard Port" condition="is">1723</DestinationPort>				<!--Tor protocol | Credit @ion-storm-->
				<DestinationPort name="technique_id=T1571,technique_name=Non-Standard Port" condition="is">4500</DestinationPort>				<!--Tor protocol | Credit @ion-storm-->
				<DestinationPort name="technique_id=T1571,technique_name=Non-Standard Port" condition="is">9001</DestinationPort>				<!--Tor protocol [ http://www.computerworlduk.com/tutorial/security/tor-enterprise-2016-blocking-malware-darknet-use-rogue-nodes-3633907/ ] -->
				<DestinationPort name="technique_id=T1571,technique_name=Non-Standard Port" condition="is">9030</DestinationPort>				<!--Tor protocol [ http://www.computerworlduk.com/tutorial/security/tor-enterprise-2016-blocking-malware-darknet-use-rogue-nodes-3633907/ ] -->
			</NetworkConnect>
		</RuleGroup>
	</EventFiltering>
</Sysmon>
