<Sysmon schemaversion="4.30">
   <EventFiltering>
      <RuleGroup name="" groupRelation="or">
         <ProcessAccess onmatch="exclude">
            <SourceImage condition="is">C:\Program Files\Windows Defender Advanced Threat Protection\MsSense.exe</SourceImage>
            <SourceImage condition="contains all">C:\ProgramData\Microsoft\Windows Defender Advanced Threat Protection\DataCollection\;\OpenHandleCollector.exe</SourceImage>
         </ProcessAccess>
      </RuleGroup>
   </EventFiltering>
</Sysmon>
