<Sysmon schemaversion="4.30">
  <EventFiltering>
    <RuleGroup name="" groupRelation="or">
      <ProcessAccess onmatch="exclude">
        <SourceImage condition="is">C:\Program Files (x86)\Ivanti\Workspace Control\cpushld.exe</SourceImage>
        <SourceImage condition="is">C:\Program Files (x86)\RES Software\Workspace Manager\cpushld.exe</SourceImage>
        <SourceImage condition="is">C:\Program Files\Ivanti\Workspace Control\cpushld.exe</SourceImage>
        <SourceImage condition="is">C:\Program Files\RES Software\Workspace Manager\cpushld.exe</SourceImage>
      </ProcessAccess>
    </RuleGroup>
  </EventFiltering>
</Sysmon>
