<Sysmon schemaversion="4.60">
  <EventFiltering>
    <RuleGroup name="" groupRelation="or">
      <ProcessAccess onmatch="include">
        <SourceImage name="technique_id=T1036,technique_name=Masquerading" condition="begin with">C:\PerfLogs\</SourceImage>
        <SourceImage name="technique_id=T1036,technique_name=Masquerading" condition="begin with">C:\$Recycle.bin\</SourceImage>
        <SourceImage name="technique_id=T1036,technique_name=Masquerading" condition="begin with">C:\Intel\Logs\</SourceImage>
        <SourceImage name="technique_id=T1036,technique_name=Masquerading" condition="begin with">C:\Users\Default\</SourceImage>
        <SourceImage name="technique_id=T1036,technique_name=Masquerading" condition="begin with">C:\Users\Public\</SourceImage>
        <SourceImage name="technique_id=T1036,technique_name=Masquerading" condition="begin with">C:\Users\NetworkService\</SourceImage>
        <SourceImage name="technique_id=T1036,technique_name=Masquerading" condition="begin with">C:\Windows\Fonts\</SourceImage>
        <SourceImage name="technique_id=T1036,technique_name=Masquerading" condition="begin with">C:\Windows\Debug\</SourceImage>
        <SourceImage name="technique_id=T1036,technique_name=Masquerading" condition="begin with">C:\Windows\Media\</SourceImage>
        <SourceImage name="technique_id=T1036,technique_name=Masquerading" condition="begin with">C:\Windows\Help\</SourceImage>
        <SourceImage name="technique_id=T1036,technique_name=Masquerading" condition="begin with">C:\Windows\addins\</SourceImage>
        <SourceImage name="technique_id=T1036,technique_name=Masquerading" condition="begin with">C:\Windows\repair\</SourceImage>
        <SourceImage name="technique_id=T1036,technique_name=Masquerading" condition="begin with">C:\Windows\security\</SourceImage>
        <SourceImage name="technique_id=T1036,technique_name=Masquerading" condition="begin with">C:\Windows\system32\config\systemprofile\</SourceImage>
        <SourceImage name="technique_id=T1036,technique_name=Masquerading" condition="contains">VolumeShadowCopy</SourceImage>
        <SourceImage name="technique_id=T1036,technique_name=Masquerading" condition="contains">\htdocs\</SourceImage>
        <SourceImage name="technique_id=T1036,technique_name=Masquerading" condition="contains">\wwwroot\</SourceImage>
        <SourceImage name="technique_id=T1036,technique_name=Masquerading" condition="contains">\Temp\</SourceImage>
        <Rule groupRelation="and">
          <SourceImage name="technique_id=T1036,technique_name=Masquerading" condition="contains">\AppData\</SourceImage>
          <SourceImage condition="not end with">\AppData\Local\Microsoft\Teams\current\Teams.exe</SourceImage>
        </Rule>
      </ProcessAccess>
    </RuleGroup>
  </EventFiltering>
</Sysmon>
